Traffic,Average_Power,Transfer_Time,Total_Energy
35.0,20.7563666667,5.500314,114.166534166
316.0,20.6171805405,48.362859,997.10579546
704.0,20.6395920398,107.586101,2220.53323379
241.0,20.4498661972,36.922183,755.053702058
74.0,20.5441299145,11.440726,235.039761261
562.0,20.6398768519,85.90496,1773.06779536
59.0,20.4096484848,9.160536,186.963319693
762.0,20.6561096386,116.426671,2404.92208103
551.0,20.5658690909,84.224876,1732.15777401
706.0,20.6228351515,107.886154,2224.91836907
167.0,20.3921966667,25.641465,522.885797101
397.0,20.6161079096,60.723556,1251.88338315
623.0,20.6259423729,95.225404,1964.11369534
861.0,20.6363370787,131.527569,2714.24724902
259.0,20.34094,39.682247,807.174205292
741.0,20.6463592593,113.22646,2337.71417081
112.0,20.2842521739,17.241043,349.721663953
86.0,20.5707869565,13.280768,273.195849147
569.0,20.6397134884,86.98494,1795.3442394
543.0,20.5970719424,83.004802,1709.65587836
619.0,20.611227451,94.605436,1949.9341595
854.0,20.6361674157,130.467453,2692.34820241
28.0,19.4348,4.420335,85.908326658
835.0,20.6618471698,127.567294,2635.77593249
636.0,20.5743732143,97.205541,1999.94307903
182.0,20.4471055556,27.921655,570.917027071
603.0,20.6383507246,92.165288,1902.13953838
338.0,20.536139604,51.723028,1062.19132375
694.0,20.6378746193,106.046111,2188.56634268
636.0,20.5965744361,97.205541,2002.10116081
5.0,20.2560444444,0.920071,18.636999068
44.0,20.5784445946,6.860483,141.178069308
671.0,20.6505630252,102.545848,2117.6294971
263.0,20.4822875,40.282352,825.07471484
3.0,20.5132313725,0.600156,12.3111388876
961.0,20.6674184397,146.788424,3033.73778091
324.0,20.764668,49.582933,1029.57314221
461.0,20.6105411043,70.50401,1453.12579612
293.0,20.5565724138,44.862595,922.221182788
424.0,20.6081339506,64.843788,1336.30946897
